{"loss": [1.982763409614563, 1.4359976053237915, 1.1546937227249146, 0.9517428874969482, 0.8170242309570312, 0.6830877661705017, 0.5961587429046631, 0.5127758383750916, 0.4353998303413391, 0.36840885877609253, 0.33065065741539, 0.2777082026004791, 0.2299610674381256, 0.20436708629131317, 0.1769779622554779, 0.15358074009418488, 0.14065666496753693, 0.12189577519893646, 0.11129733920097351, 0.10496014356613159, 0.08748088777065277, 0.0920519307255745, 0.06743797659873962, 0.07799810916185379, 0.073363296687603, 0.06564550846815109, 0.0660921111702919, 0.05222765728831291, 0.05299714580178261, 0.06838014721870422], "accuracy": [0.2663606107234955, 0.48998332023620605, 0.597579300403595, 0.6712854504585266, 0.7156928181648254, 0.764691174030304, 0.7994157075881958, 0.826377272605896, 0.8545075058937073, 0.8754590749740601, 0.8861435651779175, 0.9047579169273376, 0.9248747825622559, 0.9313856363296509, 0.9400667548179626, 0.948163628578186, 0.9521703124046326, 0.9594323635101318, 0.9618530869483948, 0.9636895060539246, 0.9707011580467224, 0.9696160554885864, 0.9757930040359497, 0.9737061858177185, 0.9757094979286194, 0.9788814783096313, 0.9781302213668823, 0.9828881621360779, 0.9840567708015442, 0.9772120118141174], "val_loss": [1.5999388694763184, 1.3420770168304443, 1.0050365924835205, 0.843466579914093, 0.7247974872589111, 0.6602102518081665, 0.6122304797172546, 0.5621708631515503, 0.554332435131073, 0.4765862226486206, 0.46345487236976624, 0.4743789732456207, 0.41727370023727417, 0.3562791347503662, 0.3844131529331207, 0.37947410345077515, 0.4637489914894104, 0.5020870566368103, 0.4502171576023102, 0.36917829513549805, 0.44727981090545654, 0.3818988800048828, 0.3632272183895111, 0.46777719259262085, 0.33843713998794556, 0.3054494559764862, 0.3525870740413666, 0.34219735860824585, 0.4388779401779175, 0.34943023324012756], "val_accuracy": [0.42904841899871826, 0.5055091977119446, 0.6577629446983337, 0.7095158696174622, 0.7535893321037292, 0.7782971858978271, 0.8006677627563477, 0.8113522529602051, 0.8220367431640625, 0.8460767865180969, 0.8550918102264404, 0.8621035218238831, 0.8677796125411987, 0.8918197154998779, 0.8828046917915344, 0.8838063478469849, 0.8744574189186096, 0.8731218576431274, 0.886811375617981, 0.9041736125946045, 0.895158588886261, 0.903171956539154, 0.9108514189720154, 0.8928213715553284, 0.9148581027984619, 0.9121869802474976, 0.9165275692939758, 0.9148581027984619, 0.8994991779327393, 0.9128547310829163]}